id,result
0,7
1,36
2,19
3,12
4,45
5,36
6,19
7,34
8,22
9,46
10,34
11,44
12,19
13,36
14,45
15,35
16,12
17,41
18,36
19,2
20,14
21,35
22,40
23,45
24,0
25,45
26,32
27,2
28,1
29,48
30,41
31,45
32,44
33,7
34,39
35,35
36,3
37,5
38,0
39,46
40,5
41,24
42,35
43,45
44,19
45,35
46,47
47,19
48,25
49,22
50,40
51,4
52,19
53,14
54,34
55,37
56,44
57,3
58,35
59,14
60,45
61,28
62,8
63,44
64,38
65,45
66,14
67,45
68,1
69,25
70,25
71,6
72,35
73,22
74,25
75,40
76,4
77,33
78,38
79,43
80,46
81,45
82,47
83,17
84,38
85,6
86,3
87,45
88,35
89,43
90,44
91,3
92,43
93,33
94,4
95,43
96,37
97,34
98,7
99,31
100,18
101,36
102,43
103,14
104,21
105,37
106,19
107,40
108,46
109,47
110,7
111,5
112,23
113,44
114,22
115,32
116,35
117,45
118,4
119,14
120,21
121,13
122,35
123,0
124,35
125,33
126,29
127,42
128,41
129,30
130,14
131,44
132,1
133,32
134,47
135,45
136,4
137,36
138,3
139,17
140,35
141,5
142,34
143,35
144,37
145,39
146,41
147,7
148,37
149,37
150,43
151,8
152,45
153,5
154,31
155,4
156,5
157,40
158,28
159,35
160,19
161,0
162,3
163,18
164,1
165,48
166,17
167,46
168,37
169,37
170,37
171,2
172,14
173,33
174,5
175,33
176,40
177,24
178,19
179,30
180,45
181,0
182,5
183,28
184,40
185,22
186,4
187,41
188,33
189,19
190,0
191,45
192,7
193,3
194,20
195,33
196,5
197,45
198,5
199,48
200,3
201,0
202,33
203,4
204,45
205,20
206,44
207,32
208,24
209,25
210,4
211,8
212,6
213,33
214,36
215,10
216,48
217,40
218,28
219,18
220,0
221,40
222,12
223,48
224,2
225,39
226,36
227,25
228,18
229,35
230,46
231,32
232,34
233,33
234,34
235,43
236,38
237,10
238,38
239,1
240,18
241,5
242,36
243,23
244,38
245,2
246,35
247,21
248,43
249,19
250,14
251,19
252,0
253,25
254,40
255,33
256,47
257,41
258,9
259,36
260,33
261,0
262,2
263,6
264,45
265,33
266,10
267,25
268,35
269,7
270,18
271,23
272,27
273,22
274,17
275,32
276,48
277,36
278,1
279,22
280,32
281,46
282,0
283,4
284,4
285,23
286,17
287,1
288,12
289,20
290,32
291,20
292,41
293,35
294,10
295,9
296,23
297,35
298,31
299,6
300,32
301,4
302,48
303,40
304,45
305,2
306,41
307,19
308,15
309,45
310,41
311,41
312,48
313,39
314,31
315,34
316,20
317,20
318,34
319,10
320,41
321,6
322,37
323,35
324,14
325,2
326,10
327,0
328,36
329,36
330,36
331,5
332,5
333,20
334,14
335,0
336,43
337,30
338,48
339,1
340,2
341,40
342,10
343,3
344,28
345,3
346,6
347,4
348,12
349,45
350,0
351,14
352,18
353,14
354,0
355,40
356,1
357,9
358,14
359,5
360,48
361,34
362,45
363,14
364,47
365,41
366,34
367,1
368,35
369,10
370,7
371,33
372,2
373,10
374,45
375,44
376,4
377,25
378,44
379,20
380,3
381,5
382,5
383,20
384,0
385,10
386,39
387,44
388,20
389,5
390,3
391,37
392,37
393,44
394,0
395,19
396,3
397,39
398,9
399,48
400,45
401,43
402,34
403,37
404,45
405,22
406,18
407,47
408,19
409,6
410,39
411,48
412,35
413,0
414,46
415,1
416,12
417,35
418,45
419,35
420,23
421,43
422,48
423,7
424,6
425,46
426,34
427,47
428,31
429,2
430,19
431,23
432,46
433,37
434,33
435,36
436,6
437,9
438,40
439,38
440,48
441,48
442,5
443,28
444,36
445,34
446,17
447,1
448,3
449,33
450,9
451,42
452,34
453,10
454,37
455,0
456,45
457,37
458,35
459,9
460,4
461,5
462,47
463,39
464,34
465,25
466,6
467,29
468,1
469,2
470,40
471,3
472,44
473,41
474,23
475,22
476,19
477,8
478,19
479,17
480,32
481,47
482,37
483,46
484,33
485,20
486,39
487,0
488,5
489,14
490,36
491,38
492,18
493,12
494,7
495,10
496,33
497,18
498,20
499,5
500,21
501,34
502,39
503,23
504,0
505,0
506,18
507,1
508,45
509,0
510,46
511,44
512,41
513,8
514,40
515,5
516,3
517,28
518,40
519,18
520,37
521,19
522,19
523,45
524,40
525,17
526,2
527,33
528,4
529,30
530,43
531,19
532,34
533,4
534,1
535,30
536,12
537,45
538,5
539,14
540,35
541,32
542,34
543,28
544,34
545,35
546,41
547,37
548,14
549,35
550,14
551,31
552,6
553,20
554,5
555,6
556,35
557,48
558,22
559,22
560,35
561,29
562,33
563,14
564,33
565,3
566,45
567,25
568,3
569,8
570,29
571,30
572,1
573,43
574,19
575,32
576,42
577,36
578,28
579,14
580,47
581,45
582,12
583,48
584,47
585,34
586,30
587,17
588,0
589,4
590,34
591,0
592,5
593,13
594,48
595,4
596,1
597,35
598,23
599,18
600,22
601,42
602,31
603,28
604,30
605,34
606,48
607,34
608,2
609,25
610,40
611,45
612,3
613,27
614,8
615,21
616,42
617,1
618,19
619,29
620,14
621,0
622,38
623,25
624,17
625,21
626,31
627,30
628,39
629,36
630,14
631,41
632,4
633,19
634,0
635,28
636,0
637,2
638,43
639,9
640,41
641,41
642,17
643,20
644,44
645,18
646,14
647,38
648,19
649,43
650,33
651,32
652,32
653,14
654,40
655,48
656,0
657,38
658,38
659,38
660,5
661,10
662,30
663,1
664,6
665,41
666,10
667,18
668,1
669,20
670,35
671,33
672,21
673,3
674,42
675,0
676,38
677,47
678,31
679,14
680,45
681,32
682,36
683,4
684,36
685,27
686,10
687,47
688,48
689,32
690,32
691,46
692,1
693,2
694,5
695,28
696,39
697,37
698,4
699,0
700,6
701,33
702,14
703,30
704,40
705,27
706,44
707,12
708,32
709,24
710,44
711,2
712,10
713,47
714,41
715,45
716,7
717,34
718,3
719,10
720,14
721,10
722,21
723,25
724,46
725,22
726,0
727,5
728,39
729,38
730,31
731,7
732,37
733,4
734,47
735,39
736,18
737,18
738,32
739,34
740,35
741,14
742,34
743,14
744,2
745,14
746,6
747,27
748,41
749,43
750,14
751,39
752,6
753,22
754,28
755,6
756,23
757,39
758,17
759,17
760,36
761,39
762,34
763,30
764,2
765,7
766,25
767,4
768,10
769,39
770,37
771,18
772,39
773,0
774,47
775,21
776,43
777,25
778,48
779,47
780,37
781,18
782,47
783,43
784,6
785,2
786,39
787,29
788,34
789,31
790,18
791,19
792,0
793,7
794,45
795,37
796,9
797,27
798,5
799,42
800,0
801,12
802,40
803,42
804,39
805,31
806,34
807,9
808,34
809,0
810,44
811,32
812,14
813,3
814,21
815,23
816,14
817,34
818,5
819,0
820,31
821,45
822,45
823,5
824,43
825,44
826,28
827,32
828,47
829,8
830,12
831,9
832,8
833,21
834,6
835,23
836,7
837,6
838,39
839,43
840,21
841,9
842,32
843,15
844,37
845,19
846,2
847,18
848,10
849,44
850,47
851,10
852,37
853,20
854,12
855,2
856,37
857,28
858,9
859,5
860,47
861,13
862,36
863,30
864,5
865,17
866,25
867,35
868,33
869,32
870,6
871,41
872,47
873,36
874,0
875,34
876,31
877,23
878,5
879,7
880,38
881,7
882,14
883,34
884,7
885,42
886,6
887,43
888,47
889,22
890,24
891,12
892,5
893,10
894,33
895,0
896,22
897,20
898,4
899,36
900,21
901,28
902,0
903,9
904,19
905,42
906,20
907,34
908,20
909,14
910,28
911,37
912,23
913,25
914,17
915,2
916,48
917,2
918,37
919,6
920,5
921,48
922,23
923,7
924,0
925,5
926,14
927,22
928,27
929,3
930,24
931,47
932,48
933,27
934,17
935,35
936,29
937,5
938,37
939,5
940,1
941,1
942,34
943,10
944,7
945,43
946,22
947,48
948,44
949,0
950,9
951,35
952,25
953,9
954,27
955,27
956,17
957,34
958,18
959,43
960,20
961,32
962,27
963,29
964,14
965,37
966,47
967,27
968,1
969,37
970,20
971,0
972,8
973,32
974,0
975,41
976,10
977,5
978,21
979,0
980,8
981,23
982,48
983,45
984,23
985,31
986,34
987,29
988,33
989,33
990,34
991,24
992,39
993,45
994,7
995,17
996,43
997,7
998,36
999,24
1000,44
1001,36
1002,39
1003,10
1004,14
1005,7
1006,25
1007,42
1008,45
1009,3
1010,44
1011,31
1012,21
1013,0
1014,45
1015,8
1016,10
1017,20
1018,5
1019,10
1020,3
1021,3
1022,39
1023,9
1024,22
1025,14
1026,30
1027,12
1028,43
1029,21
1030,4
1031,30
1032,38
1033,45
1034,27
1035,7
1036,23
1037,18
1038,17
1039,33
1040,38
1041,44
1042,22
1043,46
1044,47
1045,44
1046,12
1047,6
1048,27
1049,33
1050,20
1051,2
1052,9
1053,32
1054,8
1055,41
1056,5
1057,19
1058,43
1059,22
1060,44
1061,30
1062,39
1063,39
1064,14
1065,18
1066,45
1067,27
1068,31
1069,6
1070,3
1071,8
1072,2
1073,5
1074,48
1075,25
1076,4
1077,0
1078,17
1079,44
1080,2
1081,5
1082,44
1083,27
1084,47
1085,25
1086,45
1087,5
1088,17
1089,2
1090,43
1091,4
1092,12
1093,20
1094,0
1095,33
1096,43
1097,48
1098,6
1099,30
1100,17
1101,7
1102,5
1103,25
1104,31
1105,34
1106,29
1107,4
1108,17
1109,32
1110,4
1111,34
1112,20
1113,21
1114,1
1115,34
1116,20
1117,23
1118,31
1119,41
1120,31
1121,31
1122,40
1123,31
1124,33
1125,10
1126,24
1127,48
1128,3
1129,43
1130,14
1131,32
1132,31
1133,36
1134,25
1135,0
1136,2
1137,5
1138,22
1139,40
1140,47
1141,21
1142,45
1143,2
1144,4
1145,46
1146,25
1147,33
1148,29
1149,47
1150,10
1151,43
1152,27
1153,28
1154,10
1155,42
1156,22
1157,17
1158,25
1159,40
1160,22
1161,48
1162,21
1163,5
1164,35
1165,4
1166,45
1167,27
1168,7
1169,43
1170,48
1171,43
1172,8
1173,25
1174,5
1175,18
1176,12
1177,0
1178,19
1179,5
1180,36
1181,3
1182,1
1183,38
1184,41
1185,34
1186,27
1187,19
1188,5
1189,37
1190,25
1191,33
1192,0
1193,23
1194,21
1195,38
1196,17
1197,36
1198,18
1199,44
1200,1
1201,30
1202,44
1203,29
1204,48
1205,14
1206,18
1207,33
1208,34
1209,19
1210,33
1211,39
1212,24
1213,41
1214,22
1215,32
1216,34
1217,38
1218,5
1219,3
1220,17
1221,28
1222,38
1223,6
1224,48
1225,7
1226,41
1227,14
1228,9
1229,33
1230,47
1231,32
1232,14
1233,36
1234,39
1235,39
1236,17
1237,5
1238,44
1239,0
1240,40
1241,40
1242,31
1243,25
1244,36
1245,20
1246,22
1247,33
1248,9
1249,17
1250,21
1251,4
1252,28
1253,35
1254,39
1255,13
1256,34
1257,30
1258,41
1259,5
1260,3
1261,34
1262,30
1263,42
1264,27
1265,14
1266,35
1267,40
1268,19
1269,44
1270,41
1271,44
1272,45
1273,42
1274,28
1275,33
1276,47
1277,4
1278,5
1279,40
1280,13
1281,22
1282,1
1283,12
1284,45
1285,7
1286,0
1287,42
1288,5
1289,14
1290,39
1291,44
1292,12
1293,39
1294,28
1295,4
1296,37
1297,17
1298,37
1299,0
1300,34
1301,28
1302,7
1303,43
1304,33
1305,2
1306,48
1307,38
1308,24
1309,23
1310,4
1311,40
1312,10
1313,34
1314,19
1315,2
1316,40
1317,48
1318,45
1319,48
1320,24
1321,9
1322,30
1323,36
1324,14
1325,21
1326,12
1327,32
1328,30
1329,38
1330,5
1331,35
1332,7
1333,29
1334,22
1335,8
1336,20
1337,37
1338,3
1339,47
1340,5
1341,43
1342,1
1343,43
1344,44
1345,35
1346,43
1347,12
1348,36
1349,21
1350,38
1351,10
1352,31
1353,3
1354,17
1355,34
1356,14
1357,8
1358,6
1359,29
1360,5
1361,7
1362,44
1363,12
1364,46
1365,44
1366,44
1367,19
1368,9
1369,0
1370,46
1371,25
1372,35
1373,14
1374,6
1375,22
1376,5
1377,21
1378,27
1379,14
1380,5
1381,38
1382,31
1383,0
1384,37
1385,31
1386,44
1387,25
1388,0
1389,44
1390,12
1391,5
1392,33
1393,14
1394,40
1395,10
1396,35
1397,39
1398,28
1399,14
1400,29
1401,9
1402,40
1403,38
1404,42
1405,23
1406,25
1407,29
1408,12
1409,19
1410,0
1411,32
1412,0
1413,30
1414,8
1415,36
1416,37
1417,2
1418,30
1419,1
1420,38
1421,28
1422,40
1423,20
1424,36
1425,24
1426,41
1427,22
1428,19
1429,12
1430,40
1431,12
1432,18
1433,40
1434,32
1435,29
1436,6
1437,23
1438,21
1439,36
1440,35
1441,6
1442,6
1443,46
1444,46
1445,34
1446,40
1447,8
1448,8
1449,29
1450,34
1451,20
1452,2
1453,18
1454,32
1455,33
1456,46
1457,32
1458,14
1459,45
1460,30
1461,0
1462,23
1463,0
1464,33
1465,23
1466,4
1467,14
1468,5
1469,47
1470,5
1471,22
1472,9
1473,41
1474,44
1475,34
1476,31
1477,36
1478,24
1479,39
1480,36
1481,5
1482,5
1483,3
1484,2
1485,39
1486,10
1487,4
1488,12
1489,44
1490,19
1491,34
1492,0
1493,4
1494,24
1495,47
1496,30
1497,35
1498,1
1499,34
1500,28
1501,45
1502,21
1503,37
1504,14
1505,0
1506,37
1507,47
1508,32
1509,22
1510,2
1511,23
1512,9
1513,0
1514,33
1515,37
1516,31
1517,33
1518,0
1519,28
1520,35
1521,41
1522,35
1523,29
1524,48
1525,6
1526,27
1527,34
1528,42
1529,30
1530,35
1531,23
1532,21
1533,10
1534,34
1535,40
1536,30
1537,7
1538,28
1539,27
1540,21
1541,42
1542,4
1543,10
1544,34
1545,5
1546,31
1547,14
1548,28
1549,48
1550,14
1551,32
1552,24
1553,5
1554,9
1555,12
1556,34
1557,2
1558,42
1559,10
1560,36
1561,42
1562,43
1563,34
1564,47
1565,44
1566,27
1567,28
1568,31
1569,23
1570,41
1571,0
1572,8
1573,2
1574,23
1575,44
1576,28
1577,37
1578,23
1579,21
1580,39
1581,39
1582,39
1583,0
1584,39
1585,10
1586,18
1587,41
1588,12
1589,17
1590,34
1591,38
1592,17
1593,34
1594,12
1595,2
1596,44
1597,22
1598,47
1599,38
1600,8
1601,24
1602,12
1603,29
1604,37
1605,43
1606,35
1607,20
1608,2
1609,31
1610,24
1611,39
1612,48
1613,14
1614,20
1615,39
1616,2
1617,7
1618,38
1619,33
1620,45
1621,27
1622,46
1623,1
1624,9
1625,14
1626,33
1627,39
1628,14
1629,5
1630,30
1631,20
1632,41
1633,0
1634,45
1635,40
1636,12
1637,37
1638,23
1639,39
1640,37
1641,38
1642,44
1643,42
1644,36
1645,38
1646,24
1647,31
1648,33
1649,23
1650,31
1651,8
1652,45
1653,45
1654,46
1655,42
1656,19
1657,45
1658,34
1659,27
1660,18
1661,31
1662,41
1663,41
1664,9
1665,7
1666,7
1667,25
1668,9
1669,47
1670,33
1671,1
1672,48
1673,45
1674,44
1675,30
1676,0
1677,19
1678,46
1679,4
1680,14
1681,3
1682,44
1683,10
1684,28
1685,17
1686,22
1687,18
1688,1
1689,20
1690,14
1691,42
1692,28
1693,1
1694,46
1695,43
1696,4
1697,22
1698,30
1699,8
1700,8
1701,42
1702,18
1703,24
1704,17
1705,8
1706,17
1707,36
1708,21
1709,25
1710,5
1711,27
1712,24
1713,29
1714,18
1715,8
1716,30
1717,14
1718,36
1719,28
1720,12
1721,42
1722,23
1723,17
1724,32
1725,7
1726,12
1727,28
1728,14
1729,8
1730,20
1731,17
1732,27
1733,33
1734,0
1735,7
1736,8
1737,43
1738,9
1739,5
1740,1
1741,42
1742,2
1743,19
1744,46
1745,1
1746,46
1747,38
1748,43
1749,7
1750,18
1751,36
1752,31
1753,20
1754,25
1755,12
1756,0
1757,43
1758,3
1759,19
1760,43
1761,45
1762,36
1763,46
